bin,k,q_squared,t,x_b,w,phi,cos_theta*gamma_gamma,D5_sigma (fb/(MeV sr2)),D5_sigma_stat_plus,D5_sigma_stat_minus,D5_sigma_sys_plus,D5_sigma_sys_minus,link
,,1,,,0.99,15,-0.975,,,,,,https://doi.org/10.1103/PhysRevC.79.015201
,,1,,,1.01,15,-0.975,14.9,5.4,5.4,5.6,5.6,
,,1,,,1.03,15,-0.975,8.1,4.1,4.1,4.3,4.3,
,,1,,,1.05,15,-0.975,28.4,8.3,8.3,4.7,4.7,
,,1,,,1.07,15,-0.975,14.6,6.8,6.8,4,4,
,,1,,,1.09,15,-0.975,29,10,10,4,4,
,,1,,,1.11,15,-0.975,14.4,6.4,6.4,5,5,
,,1,,,1.13,15,-0.975,36,11,11,7,7,
,,1,,,1.15,15,-0.975,30,9,9,15,15,
,,1,,,1.17,15,-0.975,54,12,12,9,9,
,,1,,,1.19,15,-0.975,94,16,16,7,7,
,,1,,,1.21,15,-0.975,119,18,18,17,17,
,,1,,,1.23,15,-0.975,111,16,16,13,13,
,,1,,,1.25,15,-0.975,51,11,11,12,12,
,,1,,,1.27,15,-0.975,41.3,9.2,9.2,7.1,7.1,
,,1,,,1.29,15,-0.975,45.2,7.9,7.9,4.5,4.5,
,,1,,,1.31,15,-0.975,29,7,7,15,15,
,,1,,,1.33,15,-0.975,41,8,8,10,10,
,,1,,,1.35,15,-0.975,19.9,4.8,4.8,4.4,4.4,
,,1,,,1.37,15,-0.975,17.5,4.1,4.1,4.3,4.3,
,,1,,,1.39,15,-0.975,18,3.8,3.8,3.1,3.1,
,,1,,,1.41,15,-0.975,23,4.3,4.3,1.3,1.3,
,,1,,,1.43,15,-0.975,23.9,4.8,4.8,2.3,2.3,
,,1,,,1.45,15,-0.975,15.6,4.9,4.9,4.1,4.1,
,,1,,,1.47,15,-0.975,34.3,7.4,7.4,2.9,2.9,
,,1,,,1.49,15,-0.975,41.5,7.8,7.8,4,4,
,,1,,,1.51,15,-0.975,36.5,6.7,6.7,4.6,4.6,
,,1,,,1.53,15,-0.975,39.8,6.7,6.7,4.7,4.7,
,,1,,,1.55,15,-0.975,37.1,6.3,6.3,2.5,2.5,
,,1,,,1.57,15,-0.975,15.6,3.9,3.9,3.8,3.8,
,,1,,,1.59,15,-0.975,18.5,3.9,3.9,1.3,1.3,
,,1,,,1.61,15,-0.975,18.1,3.7,3.7,3.4,3.4,
,,1,,,1.63,15,-0.975,19,4,4,2.2,2.2,
,,1,,,1.65,15,-0.975,20.4,4.1,4.1,3.3,3.3,
,,1,,,1.67,15,-0.975,17.7,3.6,3.6,3.4,3.4,
,,1,,,1.69,15,-0.975,10.8,3.2,3.2,2.6,2.6,
,,1,,,1.71,15,-0.975,13.1,3.7,3.7,3.8,3.8,
,,1,,,1.73,15,-0.975,3.4,2.4,2.4,3,3,
,,1,,,1.75,15,-0.975,17.2,3.5,3.5,2,2,
,,1,,,1.77,15,-0.975,4.2,2.9,2.9,5.4,5.4,
,,1,,,1.79,15,-0.975,5.6,2.6,2.6,3.3,3.3,
,,1,,,1.81,15,-0.975,4.9,2,2,2,2,
,,1,,,1.83,15,-0.975,8.2,1.9,1.9,1.1,1.1,
,,1,,,1.85,15,-0.975,4.6,1.7,1.7,0.9,0.9,
,,1,,,1.87,15,-0.975,4.6,1.9,1.9,1.2,1.2,
,,1,,,1.89,15,-0.975,11,4,4,11,11,
,,1,,,1.91,15,-0.975,10.1,2.6,2.6,1.9,1.9,
,,1,,,1.93,15,-0.975,1.4,1.7,1.7,1.9,1.9,
,,1,,,1.95,15,-0.975,5.2,1.8,1.8,1.9,1.9,
,,1,,,1.97,15,-0.975,3.3,2.1,2.1,1.9,1.9,
,,1,,,0.99,45,-0.975,,,,,,
,,1,,,1.01,45,-0.975,60,32,32,36,36,
,,1,,,1.03,45,-0.975,45,14,14,6,6,
,,1,,,1.05,45,-0.975,41,13,13,15,15,
,,1,,,1.07,45,-0.975,57,14,14,9,9,
,,1,,,1.09,45,-0.975,39,11,11,10,10,
,,1,,,1.11,45,-0.975,34,10,10,2,2,
,,1,,,1.13,45,-0.975,46,10,10,7,7,
,,1,,,1.15,45,-0.975,82,14,14,15,15,
,,1,,,1.17,45,-0.975,103,16,16,8,8,
,,1,,,1.19,45,-0.975,118,17,17,13,13,
,,1,,,1.21,45,-0.975,117,17,17,20,20,
,,1,,,1.23,45,-0.975,108,15,15,18,18,
,,1,,,1.25,45,-0.975,78,12,12,11,11,
,,1,,,1.27,45,-0.975,51.5,9.3,9.3,6.3,6.3,
,,1,,,1.29,45,-0.975,40.3,7.6,7.6,7.1,7.1,
,,1,,,1.31,45,-0.975,18,5.9,5.9,5.4,5.4,
,,1,,,1.33,45,-0.975,33,6.1,6.1,3.1,3.1,
,,1,,,1.35,45,-0.975,21.2,4.2,4.2,4.4,4.4,
,,1,,,1.37,45,-0.975,21.6,3.7,3.7,2.1,2.1,
,,1,,,1.39,45,-0.975,24.2,3.9,3.9,4,4,
,,1,,,1.41,45,-0.975,20.3,4.2,4.2,2,2,
,,1,,,1.43,45,-0.975,20.8,5,5,5.3,5.3,
,,1,,,1.45,45,-0.975,24.8,6.1,6.1,3.2,3.2,
,,1,,,1.47,45,-0.975,33.8,6.5,6.5,3.6,3.6,
,,1,,,1.49,45,-0.975,41.5,6.8,6.8,4.2,4.2,
,,1,,,1.51,45,-0.975,36.6,6.1,6.1,4,4,
,,1,,,1.53,45,-0.975,39.9,6,6,5.4,5.4,
,,1,,,1.55,45,-0.975,31.4,4.8,4.8,3.9,3.9,
,,1,,,1.57,45,-0.975,19.7,3.8,3.8,3.5,3.5,
,,1,,,1.59,45,-0.975,30,4.2,4.2,3.1,3.1,
,,1,,,1.61,45,-0.975,21.7,3.7,3.7,3.5,3.5,
,,1,,,1.63,45,-0.975,26.4,3.8,3.8,1.8,1.8,
,,1,,,1.65,45,-0.975,25.1,3.7,3.7,2.2,2.2,
,,1,,,1.67,45,-0.975,16.2,3.2,3.2,1.6,1.6,
,,1,,,1.69,45,-0.975,16.2,3.4,3.4,3.6,3.6,
,,1,,,1.71,45,-0.975,13.3,3.1,3.1,1.5,1.5,
,,1,,,1.73,45,-0.975,6.2,2.4,2.4,4.5,4.5,
,,1,,,1.75,45,-0.975,6.5,2.5,2.5,1.9,1.9,
,,1,,,1.77,45,-0.975,5.1,2.5,2.5,0.9,0.9,
,,1,,,1.79,45,-0.975,9.6,2.6,2.6,1.8,1.8,
,,1,,,1.81,45,-0.975,8.8,2,2,0.9,0.9,
,,1,,,1.83,45,-0.975,5.7,1.6,1.6,1.1,1.1,
,,1,,,1.85,45,-0.975,8.4,1.8,1.8,1.5,1.5,
,,1,,,1.87,45,-0.975,4.8,2.1,2.1,1.2,1.2,
,,1,,,1.89,45,-0.975,8.7,2.6,2.6,2.2,2.2,
,,1,,,1.91,45,-0.975,4.2,2.7,2.7,1.8,1.8,
,,1,,,1.93,45,-0.975,1.5,1.4,1.4,1.8,1.8,
,,1,,,1.95,45,-0.975,2.8,1.5,1.5,1.8,1.8,
,,1,,,1.97,45,-0.975,6.4,2.4,2.4,1.8,1.8,
,,1,,,0.99,75,-0.975,231,84,84,101,101,
,,1,,,1.01,75,-0.975,111,30,30,20,20,
,,1,,,1.03,75,-0.975,85,21,21,14,14,
,,1,,,1.05,75,-0.975,77,17,17,23,23,
,,1,,,1.07,75,-0.975,59,13,13,13,13,
,,1,,,1.09,75,-0.975,71,14,14,9,9,
,,1,,,1.11,75,-0.975,66,12,12,9,9,
,,1,,,1.13,75,-0.975,59,11,11,15,15,
,,1,,,1.15,75,-0.975,95,15,15,9,9,
,,1,,,1.17,75,-0.975,104,17,17,12,12,
,,1,,,1.19,75,-0.975,135,17,17,13,13,
,,1,,,1.21,75,-0.975,167,18,18,9,9,
,,1,,,1.23,75,-0.975,102,13,13,11,11,
,,1,,,1.25,75,-0.975,94,12,12,11,11,
,,1,,,1.27,75,-0.975,48.1,9.8,9.8,6.9,6.9,
,,1,,,1.29,75,-0.975,42.1,7.6,7.6,3.6,3.6,
,,1,,,1.31,75,-0.975,42.3,6,6,2.4,2.4,
,,1,,,1.33,75,-0.975,39.7,4.8,4.8,3.2,3.2,
,,1,,,1.35,75,-0.975,30.2,4,4,2.1,2.1,
,,1,,,1.37,75,-0.975,30.5,4.6,4.6,2.4,2.4,
,,1,,,1.39,75,-0.975,18.5,4.7,4.7,4.4,4.4,
,,1,,,1.41,75,-0.975,19.8,5.1,5.1,4.8,4.8,
,,1,,,1.43,75,-0.975,16.8,4.5,4.5,3,3,
,,1,,,1.45,75,-0.975,30.8,5.8,5.8,2.2,2.2,
,,1,,,1.47,75,-0.975,37,6.2,6.2,2.3,2.3,
,,1,,,1.49,75,-0.975,45.5,6.3,6.3,8.8,8.8,
,,1,,,1.51,75,-0.975,48.6,5.6,5.6,5.9,5.9,
,,1,,,1.53,75,-0.975,37,4.9,4.9,4.6,4.6,
,,1,,,1.55,75,-0.975,26.8,4,4,4.6,4.6,
,,1,,,1.57,75,-0.975,32.7,4.1,4.1,2.8,2.8,
,,1,,,1.59,75,-0.975,31.5,3.8,3.8,3.5,3.5,
,,1,,,1.61,75,-0.975,28.9,3.5,3.5,3.7,3.7,
,,1,,,1.63,75,-0.975,29.4,3.8,3.8,2.6,2.6,
,,1,,,1.65,75,-0.975,22.3,3.6,3.6,3.8,3.8,
,,1,,,1.67,75,-0.975,26.1,3.5,3.5,2.2,2.2,
,,1,,,1.69,75,-0.975,21.5,3,3,4.5,4.5,
,,1,,,1.71,75,-0.975,14.1,2.6,2.6,3.5,3.5,
,,1,,,1.73,75,-0.975,8.4,2.8,2.8,2,2,
,,1,,,1.75,75,-0.975,11.1,3.3,3.3,1.3,1.3,
,,1,,,1.77,75,-0.975,7.1,2.2,2.2,1.7,1.7,
,,1,,,1.79,75,-0.975,7,1.6,1.6,1.8,1.8,
,,1,,,1.81,75,-0.975,7.9,1.5,1.5,0.8,0.8,
,,1,,,1.83,75,-0.975,7.7,1.6,1.6,0.9,0.9,
,,1,,,1.85,75,-0.975,5.6,1.8,1.8,1.7,1.7,
,,1,,,1.87,75,-0.975,5.4,2,2,1.6,1.6,
,,1,,,1.89,75,-0.975,8.2,1.8,1.8,0.9,0.9,
,,1,,,1.91,75,-0.975,5,1.4,1.4,1.2,1.2,
,,1,,,1.93,75,-0.975,3.2,1.4,1.4,1.2,1.2,
,,1,,,1.95,75,-0.975,2.8,1.7,1.7,1.2,1.2,
,,1,,,1.97,75,-0.975,,,,,,
,,1,,,0.99,105,-0.975,200,70,70,77,77,
,,1,,,1.01,105,-0.975,161,33,33,30,30,
,,1,,,1.03,105,-0.975,119,22,22,24,24,
,,1,,,1.05,105,-0.975,114,19,19,23,23,
,,1,,,1.07,105,-0.975,104,17,17,18,18,
,,1,,,1.09,105,-0.975,68,12,12,10,10,
,,1,,,1.11,105,-0.975,97,14,14,11,11,
,,1,,,1.13,105,-0.975,75,13,13,8,8,
,,1,,,1.15,105,-0.975,79,14,14,14,14,
,,1,,,1.17,105,-0.975,124,17,17,9,9,
,,1,,,1.19,105,-0.975,154,18,18,23,23,
,,1,,,1.21,105,-0.975,119,15,15,10,10,
,,1,,,1.23,105,-0.975,141,16,16,8,8,
,,1,,,1.25,105,-0.975,74,13,13,10,10,
,,1,,,1.27,105,-0.975,64.4,9.5,9.5,4.1,4.1,
,,1,,,1.29,105,-0.975,40.1,5.5,5.5,3.9,3.9,
,,1,,,1.31,105,-0.975,37,5,5,3.1,3.1,
,,1,,,1.33,105,-0.975,31.1,5.1,5.1,3.4,3.4,
,,1,,,1.35,105,-0.975,35.1,6.6,6.6,6.7,6.7,
,,1,,,1.37,105,-0.975,11.8,5,5,9.5,9.5,
,,1,,,1.39,105,-0.975,23.5,5.8,5.8,4.8,4.8,
,,1,,,1.41,105,-0.975,31.8,6.2,6.2,5.1,5.1,
,,1,,,1.43,105,-0.975,21.6,5.6,5.6,2.4,2.4,
,,1,,,1.45,105,-0.975,33.4,6.6,6.6,4.5,4.5,
,,1,,,1.47,105,-0.975,37.5,6,6,4.9,4.9,
,,1,,,1.49,105,-0.975,45.4,5.9,5.9,7,7,
,,1,,,1.51,105,-0.975,50.8,6.1,6.1,5.8,5.8,
,,1,,,1.53,105,-0.975,42.4,5.6,5.6,4.5,4.5,
,,1,,,1.55,105,-0.975,39,4.9,4.9,3.6,3.6,
,,1,,,1.57,105,-0.975,36.8,4.3,4.3,3.2,3.2,
,,1,,,1.59,105,-0.975,40.1,4.7,4.7,4.7,4.7,
,,1,,,1.61,105,-0.975,23.8,4.5,4.5,3.5,3.5,
,,1,,,1.63,105,-0.975,27,4.4,4.4,4.3,4.3,
,,1,,,1.65,105,-0.975,29.2,3.8,3.8,2.4,2.4,
,,1,,,1.67,105,-0.975,18.8,3.1,3.1,2.4,2.4,
,,1,,,1.69,105,-0.975,16,3.6,3.6,2.9,2.9,
,,1,,,1.71,105,-0.975,8.9,4.3,4.3,1.9,1.9,
,,1,,,1.73,105,-0.975,14.4,3.6,3.6,2,2,
,,1,,,1.75,105,-0.975,10.3,2.2,2.2,2.6,2.6,
,,1,,,1.77,105,-0.975,8,1.7,1.7,1,1,
,,1,,,1.79,105,-0.975,8.4,1.7,1.7,0.8,0.8,
,,1,,,1.81,105,-0.975,13.6,2.2,2.2,3.1,3.1,
,,1,,,1.83,105,-0.975,5.6,3.1,3.1,5.1,5.1,
,,1,,,1.85,105,-0.975,7.3,2.4,2.4,1.1,1.1,
,,1,,,1.87,105,-0.975,6.4,1.8,1.8,0.8,0.8,
,,1,,,1.89,105,-0.975,5.8,1.6,1.6,1,1,
,,1,,,1.91,105,-0.975,7.3,1.8,1.8,1.8,1.8,
,,1,,,1.93,105,-0.975,2.5,2.2,2.2,1.8,1.8,
,,1,,,1.95,105,-0.975,,,,,,
,,1,,,1.97,105,-0.975,,,,,,
,,1,,,0.99,135,-0.975,243,59,59,108,108,
,,1,,,1.01,135,-0.975,188,34,34,64,64,
,,1,,,1.03,135,-0.975,134,22,22,20,20,
,,1,,,1.05,135,-0.975,114,19,19,15,15,
,,1,,,1.07,135,-0.975,94,15,15,25,25,
,,1,,,1.09,135,-0.975,63,11,11,12,12,
,,1,,,1.11,135,-0.975,109,16,16,9,9,
,,1,,,1.13,135,-0.975,82,15,15,17,17,
,,1,,,1.15,135,-0.975,125,20,20,43,43,
,,1,,,1.17,135,-0.975,180,22,22,24,24,
,,1,,,1.19,135,-0.975,145,19,19,14,14,
,,1,,,1.21,135,-0.975,153,21,21,6,6,
,,1,,,1.23,135,-0.975,107,17,17,18,18,
,,1,,,1.25,135,-0.975,81,11,11,6,6,
,,1,,,1.27,135,-0.975,61.4,8.3,8.3,4.8,4.8,
,,1,,,1.29,135,-0.975,43,6.4,6.4,3.6,3.6,
,,1,,,1.31,135,-0.975,41.4,7.7,7.7,3.5,3.5,
,,1,,,1.33,135,-0.975,28.8,8,8,6.5,6.5,
,,1,,,1.35,135,-0.975,27.1,8.3,8.3,8,8,
,,1,,,1.37,135,-0.975,24.4,7.3,7.3,2.1,2.1,
,,1,,,1.39,135,-0.975,29.1,8.5,8.5,6.8,6.8,
,,1,,,1.41,135,-0.975,24.7,7.8,7.8,3.6,3.6,
,,1,,,1.43,135,-0.975,33.7,8,8,4.7,4.7,
,,1,,,1.45,135,-0.975,36.7,7.3,7.3,5.1,5.1,
,,1,,,1.47,135,-0.975,44.8,8,8,6,6,
,,1,,,1.49,135,-0.975,64,9,9,10,10,
,,1,,,1.51,135,-0.975,47.6,7.4,7.4,5.2,5.2,
,,1,,,1.53,135,-0.975,39.9,6.2,6.2,3.7,3.7,
,,1,,,1.55,135,-0.975,57.8,7,7,5.2,5.2,
,,1,,,1.57,135,-0.975,41.3,6.9,6.9,7.3,7.3,
,,1,,,1.59,135,-0.975,27.8,6.4,6.4,5,5,
,,1,,,1.61,135,-0.975,31.8,5.9,5.9,2.4,2.4,
,,1,,,1.63,135,-0.975,32.6,5.2,5.2,4.2,4.2,
,,1,,,1.65,135,-0.975,39.5,5.6,5.6,5,5,
,,1,,,1.67,135,-0.975,17,5.3,5.3,4.7,4.7,
,,1,,,1.69,135,-0.975,31,13,13,26,26,
,,1,,,1.71,135,-0.975,16.8,5.6,5.6,2.3,2.3,
,,1,,,1.73,135,-0.975,16.7,3.4,3.4,3.4,3.4,
,,1,,,1.75,135,-0.975,6.7,2.4,2.4,1.3,1.3,
,,1,,,1.77,135,-0.975,8,2.4,2.4,2.3,2.3,
,,1,,,1.79,135,-0.975,3.7,4,4,3.5,3.5,
,,1,,,1.81,135,-0.975,19,9,9,10,10,
,,1,,,1.83,135,-0.975,4.9,3.6,3.6,2.1,2.1,
,,1,,,1.85,135,-0.975,9.2,2.7,2.7,1,1,
,,1,,,1.87,135,-0.975,7.1,2.3,2.3,2.3,2.3,
,,1,,,1.89,135,-0.975,13.5,2.9,2.9,2.8,2.8,
,,1,,,1.91,135,-0.975,5.7,3.7,3.7,1.8,1.8,
,,1,,,1.93,135,-0.975,,,,,,
,,1,,,1.95,135,-0.975,,,,,,
,,1,,,1.97,135,-0.975,,,,,,
,,1,,,0.99,165,-0.975,288,59,59,104,104,
,,1,,,1.01,165,-0.975,254,36,36,45,45,
,,1,,,1.03,165,-0.975,152,22,22,33,33,
,,1,,,1.05,165,-0.975,83,15,15,62,62,
,,1,,,1.07,165,-0.975,128,18,18,24,24,
,,1,,,1.09,165,-0.975,67,12,12,24,24,
,,1,,,1.11,165,-0.975,71,13,13,18,18,
,,1,,,1.13,165,-0.975,69,15,15,3,3,
,,1,,,1.15,165,-0.975,105,18,18,27,27,
,,1,,,1.17,165,-0.975,168,22,22,10,10,
,,1,,,1.19,165,-0.975,178,24,24,15,15,
,,1,,,1.21,165,-0.975,144,24,24,20,20,
,,1,,,1.23,165,-0.975,83,15,15,14,14,
,,1,,,1.25,165,-0.975,96,12,12,10,10,
,,1,,,1.27,165,-0.975,47.1,8,8,5.9,5.9,
,,1,,,1.29,165,-0.975,35,8.2,8.2,5,5,
,,1,,,1.31,165,-0.975,43,11,11,7,7,
,,1,,,1.33,165,-0.975,20.9,8.6,8.6,1.4,1.4,
,,1,,,1.35,165,-0.975,23.9,8.8,8.8,5.4,5.4,
,,1,,,1.37,165,-0.975,22.5,9.6,9.6,8.2,8.2,
,,1,,,1.39,165,-0.975,33,11,11,3,3,
,,1,,,1.41,165,-0.975,32,10,10,4,4,
,,1,,,1.43,165,-0.975,27,8.5,8.5,5.5,5.5,
,,1,,,1.45,165,-0.975,45,10,10,6,6,
,,1,,,1.47,165,-0.975,39,10,10,4,4,
,,1,,,1.49,165,-0.975,67,11,11,10,10,
,,1,,,1.51,165,-0.975,85,11,11,11,11,
,,1,,,1.53,165,-0.975,50.4,8.7,8.7,6.3,6.3,
,,1,,,1.55,165,-0.975,61,10,10,7,7,
,,1,,,1.57,165,-0.975,31,9,9,10,10,
,,1,,,1.59,165,-0.975,26,7.2,7.2,8.9,8.9,
,,1,,,1.61,165,-0.975,26.2,6.4,6.4,4,4,
,,1,,,1.63,165,-0.975,35.8,6.7,6.7,2.7,2.7,
,,1,,,1.65,165,-0.975,36.8,7.5,7.5,6.8,6.8,
,,1,,,1.67,165,-0.975,19.7,8.3,8.3,3.2,3.2,
,,1,,,1.69,165,-0.975,22,14,14,9,9,
,,1,,,1.71,165,-0.975,9.5,5,5,2.5,2.5,
,,1,,,1.73,165,-0.975,14.3,3.7,3.7,2.3,2.3,
,,1,,,1.75,165,-0.975,8.2,3,3,1.4,1.4,
,,1,,,1.77,165,-0.975,11.6,3.4,3.4,1.6,1.6,
,,1,,,1.79,165,-0.975,4.6,4,4,3.5,3.5,
,,1,,,1.81,165,-0.975,18.6,9.3,9.3,9.8,9.8,
,,1,,,1.83,165,-0.975,7.1,4.3,4.3,2.8,2.8,
,,1,,,1.85,165,-0.975,8.3,3.2,3.2,2.2,2.2,
,,1,,,1.87,165,-0.975,6.6,2.9,2.9,1.4,1.4,
,,1,,,1.89,165,-0.975,7.8,3.6,3.6,1.9,1.9,
,,1,,,1.91,165,-0.975,10,5.9,5.9,3.9,3.9,
,,1,,,1.93,165,-0.975,,,,,,
,,1,,,1.95,165,-0.975,,,,,,
,,1,,,1.97,165,-0.975,,,,,,
,,1,,,0.99,15,-0.875,,,,,,
,,1,,,1.01,15,-0.875,,,,,,
,,1,,,1.03,15,-0.875,65,27,27,14,14,
,,1,,,1.05,15,-0.875,,,,,,
,,1,,,1.07,15,-0.875,,,,,,
,,1,,,1.09,15,-0.875,,,,,,
,,1,,,1.11,15,-0.875,30,15,15,7,7,
,,1,,,1.13,15,-0.875,30,14,14,5,5,
,,1,,,1.15,15,-0.875,59,20,20,3,3,
,,1,,,1.17,15,-0.875,31,14,14,8,8,
,,1,,,1.19,15,-0.875,130,28,28,26,26,
,,1,,,1.21,15,-0.875,103,21,21,11,11,
,,1,,,1.23,15,-0.875,129,21,21,8,8,
,,1,,,1.25,15,-0.875,99,17,17,6,6,
,,1,,,1.27,15,-0.875,54,13,13,7,7,
,,1,,,1.29,15,-0.875,35,11,11,5,5,
,,1,,,1.31,15,-0.875,29,10,10,5,5,
,,1,,,1.33,15,-0.875,29.3,8.5,8.5,2.5,2.5,
,,1,,,1.35,15,-0.875,10.4,5,5,7.7,7.7,
,,1,,,1.37,15,-0.875,24,9.9,9.9,5.9,5.9,
,,1,,,1.39,15,-0.875,,,,,,
,,1,,,1.41,15,-0.875,12,10,10,13,13,
,,1,,,1.43,15,-0.875,28.6,8,8,6.1,6.1,
,,1,,,1.45,15,-0.875,27.8,6.5,6.5,4,4,
,,1,,,1.47,15,-0.875,,,,,,
,,1,,,1.49,15,-0.875,,,,,,
,,1,,,1.51,15,-0.875,,,,,,
,,1,,,1.53,15,-0.875,,,,,,
,,1,,,1.55,15,-0.875,,,,,,
,,1,,,1.57,15,-0.875,,,,,,
,,1,,,1.59,15,-0.875,,,,,,
,,1,,,1.61,15,-0.875,,,,,,
,,1,,,1.63,15,-0.875,,,,,,
,,1,,,1.65,15,-0.875,,,,,,
,,1,,,1.67,15,-0.875,,,,,,
,,1,,,1.69,15,-0.875,,,,,,
,,1,,,0.99,45,-0.875,548,306,306,112,112,
,,1,,,1.01,45,-0.875,230,94,94,94,94,
,,1,,,1.03,45,-0.875,186,60,60,26,26,
,,1,,,1.05,45,-0.875,144,43,43,13,13,
,,1,,,1.07,45,-0.875,124,34,34,18,18,
,,1,,,1.09,45,-0.875,115,29,29,10,10,
,,1,,,1.11,45,-0.875,69,20,20,4,4,
,,1,,,1.13,45,-0.875,85,20,20,8,8,
,,1,,,1.15,45,-0.875,45,13,13,12,12,
,,1,,,1.17,45,-0.875,43,14,14,15,15,
,,1,,,1.19,45,-0.875,118,18,18,8,8,
,,1,,,1.21,45,-0.875,124,19,19,7,7,
,,1,,,1.23,45,-0.875,117,18,18,6,6,
,,1,,,1.25,45,-0.875,95,17,17,6,6,
,,1,,,1.27,45,-0.875,61,13,13,14,14,
,,1,,,1.29,45,-0.875,41,10,10,9,9,
,,1,,,1.31,45,-0.875,51,10,10,5,5,
,,1,,,1.33,45,-0.875,44,10,10,4,4,
,,1,,,1.35,45,-0.875,28.9,9.7,9.7,4.6,4.6,
,,1,,,1.37,45,-0.875,57,12,12,4,4,
,,1,,,1.39,45,-0.875,42.1,7.5,7.5,7.4,7.4,
,,1,,,1.41,45,-0.875,21.3,4.8,4.8,7.8,7.8,
,,1,,,1.43,45,-0.875,32.1,5.7,5.7,4.2,4.2,
,,1,,,1.45,45,-0.875,36.9,7.3,7.3,8.8,8.8,
,,1,,,1.47,45,-0.875,44,11,11,8,8,
,,1,,,1.49,45,-0.875,47,14,14,14,14,
,,1,,,1.51,45,-0.875,38,10,10,6,6,
,,1,,,1.53,45,-0.875,40,11,11,6,6,
,,1,,,1.55,45,-0.875,30,13,13,16,16,
,,1,,,1.57,45,-0.875,,,,,,
,,1,,,1.59,45,-0.875,15.5,7.3,7.3,9.9,9.9,
,,1,,,1.61,45,-0.875,12.8,6.7,6.7,6.5,6.5,
,,1,,,1.63,45,-0.875,,,,,,
,,1,,,1.65,45,-0.875,,,,,,
,,1,,,1.67,45,-0.875,,,,,,
,,1,,,1.69,45,-0.875,,,,,,
,,1,,,0.99,75,-0.875,362,159,159,75,75,
,,1,,,1.01,75,-0.875,320,75,75,54,54,
,,1,,,1.03,75,-0.875,263,48,48,33,33,
,,1,,,1.05,75,-0.875,204,35,35,23,23,
,,1,,,1.07,75,-0.875,87,19,19,9,9,
,,1,,,1.09,75,-0.875,143,23,23,9,9,
,,1,,,1.11,75,-0.875,106,18,18,8,8,
,,1,,,1.13,75,-0.875,82,14,14,6,6,
,,1,,,1.15,75,-0.875,133,19,19,9,9,
,,1,,,1.17,75,-0.875,110,17,17,5,5,
,,1,,,1.19,75,-0.875,123,17,17,11,11,
,,1,,,1.21,75,-0.875,135,17,17,5,5,
,,1,,,1.23,75,-0.875,135,16,16,9,9,
,,1,,,1.25,75,-0.875,99,13,13,7,7,
,,1,,,1.27,75,-0.875,87,13,13,5,5,
,,1,,,1.29,75,-0.875,47,10,10,4,4,
,,1,,,1.31,75,-0.875,49.2,9,9,3.1,3.1,
,,1,,,1.33,75,-0.875,35,6.6,6.6,4.3,4.3,
,,1,,,1.35,75,-0.875,31.2,5.4,5.4,3.3,3.3,
,,1,,,1.37,75,-0.875,45,6.3,6.3,4.1,4.1,
,,1,,,1.39,75,-0.875,35.9,6.2,6.2,2.3,2.3,
,,1,,,1.41,75,-0.875,30.8,6.9,6.9,1.8,1.8,
,,1,,,1.43,75,-0.875,27.6,8,8,6.6,6.6,
,,1,,,1.45,75,-0.875,31.3,8.6,8.6,5.5,5.5,
,,1,,,1.47,75,-0.875,25,7,7,10,10,
,,1,,,1.49,75,-0.875,46,10,10,6,6,
,,1,,,1.51,75,-0.875,57,10,10,5,5,
,,1,,,1.53,75,-0.875,53,10,10,3,3,
,,1,,,1.55,75,-0.875,45.2,8.4,8.4,2.6,2.6,
,,1,,,1.57,75,-0.875,36.7,7.8,7.8,6.8,6.8,
,,1,,,1.59,75,-0.875,22.1,6.7,6.7,3.6,3.6,
,,1,,,1.61,75,-0.875,28.4,7.4,7.4,3.3,3.3,
,,1,,,1.63,75,-0.875,47.3,9.1,9.1,4.3,4.3,
,,1,,,1.65,75,-0.875,48.9,9.7,9.7,6,6,
,,1,,,1.67,75,-0.875,18.1,7.4,7.4,7.1,7.1,
,,1,,,1.69,75,-0.875,12.6,9.1,9.1,9.4,9.4,
,,1,,,0.99,105,-0.875,459,107,107,63,63,
,,1,,,1.01,105,-0.875,342,54,54,30,30,
,,1,,,1.03,105,-0.875,224,34,34,17,17,
,,1,,,1.05,105,-0.875,197,28,28,14,14,
,,1,,,1.07,105,-0.875,154,22,22,12,12,
,,1,,,1.09,105,-0.875,96,16,16,40,40,
,,1,,,1.11,105,-0.875,134,18,18,10,10,
,,1,,,1.13,105,-0.875,114,17,17,4,4,
,,1,,,1.15,105,-0.875,99,18,18,18,18,
,,1,,,1.17,105,-0.875,107,18,18,11,11,
,,1,,,1.19,105,-0.875,126,18,18,12,12,
,,1,,,1.21,105,-0.875,183,21,21,11,11,
,,1,,,1.23,105,-0.875,133,20,20,12,12,
,,1,,,1.25,105,-0.875,68,14,14,8,8,
,,1,,,1.27,105,-0.875,71,11,11,6,6,
,,1,,,1.29,105,-0.875,70,9.4,9.4,4.7,4.7,
,,1,,,1.31,105,-0.875,58.3,8.8,8.8,3.7,3.7,
,,1,,,1.33,105,-0.875,39.8,8.8,8.8,2.7,2.7,
,,1,,,1.35,105,-0.875,43,11,11,10,10,
,,1,,,1.37,105,-0.875,38,12,12,4,4,
,,1,,,1.39,105,-0.875,31,10,10,6,6,
,,1,,,1.41,105,-0.875,18,9.1,9.1,4.1,4.1,
,,1,,,1.43,105,-0.875,25,11,11,6,6,
,,1,,,1.45,105,-0.875,11,8,8,10,10,
,,1,,,1.47,105,-0.875,49,12,12,9,9,
,,1,,,1.49,105,-0.875,70,14,14,8,8,
,,1,,,1.51,105,-0.875,50,12,12,16,16,
,,1,,,1.53,105,-0.875,37,10,10,12,12,
,,1,,,1.55,105,-0.875,42,10,10,6,6,
,,1,,,1.57,105,-0.875,59,12,12,5,5,
,,1,,,1.59,105,-0.875,37,12,12,4,4,
,,1,,,1.61,105,-0.875,30,11,11,3,3,
,,1,,,1.63,105,-0.875,32,12,12,6,6,
,,1,,,1.65,105,-0.875,27,14,14,5,5,
,,1,,,1.67,105,-0.875,47,13,13,15,15,
,,1,,,1.69,105,-0.875,,,,,,
,,1,,,0.99,135,-0.875,453,78,78,46,46,
,,1,,,1.01,135,-0.875,361,47,47,42,42,
,,1,,,1.03,135,-0.875,280,34,34,20,20,
,,1,,,1.05,135,-0.875,144,22,22,18,18,
,,1,,,1.07,135,-0.875,134,19,19,6,6,
,,1,,,1.09,135,-0.875,124,17,17,14,14,
,,1,,,1.11,135,-0.875,129,21,21,13,13,
,,1,,,1.13,135,-0.875,78,19,19,16,16,
,,1,,,1.15,135,-0.875,98,22,22,13,13,
,,1,,,1.17,135,-0.875,118,22,22,14,14,
,,1,,,1.19,135,-0.875,145,29,29,18,18,
,,1,,,1.21,135,-0.875,177,51,51,18,18,
,,1,,,1.23,135,-0.875,130,24,24,42,42,
,,1,,,1.25,135,-0.875,88,14,14,14,14,
,,1,,,1.27,135,-0.875,58,12,12,7,7,
,,1,,,1.29,135,-0.875,58,19,19,7,7,
,,1,,,1.31,135,-0.875,,,,,,
,,1,,,1.33,135,-0.875,,,,,,
,,1,,,1.35,135,-0.875,52,19,19,22,22,
,,1,,,1.37,135,-0.875,24,18,18,7,7,
,,1,,,1.39,135,-0.875,,,,,,
,,1,,,1.41,135,-0.875,69,37,37,8,8,
,,1,,,1.43,135,-0.875,48,21,21,12,12,
,,1,,,1.45,135,-0.875,,,,,,
,,1,,,1.47,135,-0.875,,,,,,
,,1,,,1.49,135,-0.875,,,,,,
,,1,,,1.51,135,-0.875,,,,,,
,,1,,,1.53,135,-0.875,,,,,,
,,1,,,1.55,135,-0.875,,,,,,
,,1,,,1.57,135,-0.875,,,,,,
,,1,,,1.59,135,-0.875,,,,,,
,,1,,,1.61,135,-0.875,,,,,,
,,1,,,1.63,135,-0.875,,,,,,
,,1,,,1.65,135,-0.875,,,,,,
,,1,,,1.67,135,-0.875,,,,,,
,,1,,,1.69,135,-0.875,,,,,,
,,1,,,0.99,165,-0.875,478,72,72,39,39,
,,1,,,1.01,165,-0.875,291,37,37,28,28,
,,1,,,1.03,165,-0.875,283,32,32,22,22,
,,1,,,1.05,165,-0.875,141,21,21,11,11,
,,1,,,1.07,165,-0.875,157,20,20,14,14,
,,1,,,1.09,165,-0.875,121,19,19,11,11,
,,1,,,1.11,165,-0.875,81,20,20,45,45,
,,1,,,1.13,165,-0.875,105,30,30,11,11,
,,1,,,1.15,165,-0.875,116,25,25,10,10,
,,1,,,1.17,165,-0.875,106,30,30,14,14,
,,1,,,1.19,165,-0.875,272,122,122,90,90,
,,1,,,1.21,165,-0.875,217,70,70,46,46,
,,1,,,1.23,165,-0.875,68,19,19,28,28,
,,1,,,1.25,165,-0.875,81,21,21,8,8,
,,1,,,1.27,165,-0.875,,,,,,
,,1,,,1.29,165,-0.875,,,,,,
,,1,,,1.31,165,-0.875,,,,,,
,,1,,,1.33,165,-0.875,,,,,,
,,1,,,1.35,165,-0.875,,,,,,
,,1,,,1.37,165,-0.875,,,,,,
,,1,,,1.39,165,-0.875,,,,,,
,,1,,,1.41,165,-0.875,,,,,,
,,1,,,1.43,165,-0.875,,,,,,
,,1,,,1.45,165,-0.875,,,,,,
,,1,,,1.47,165,-0.875,,,,,,
,,1,,,1.49,165,-0.875,,,,,,
,,1,,,1.51,165,-0.875,,,,,,
,,1,,,1.53,165,-0.875,,,,,,
,,1,,,1.55,165,-0.875,,,,,,
,,1,,,1.57,165,-0.875,,,,,,
,,1,,,1.59,165,-0.875,,,,,,
,,1,,,1.61,165,-0.875,,,,,,
,,1,,,1.63,165,-0.875,,,,,,
,,1,,,1.65,165,-0.875,,,,,,
,,1,,,1.67,165,-0.875,,,,,,
,,1,,,1.69,165,-0.875,,,,,,
,,1,,,0.99,15,-0.65,4710,1720,1720,565,565,
,,1,,,1.01,15,-0.65,2760,1140,1140,430,430,
,,1,,,1.03,15,-0.65,,,,,,
,,1,,,1.05,15,-0.65,,,,,,
,,1,,,1.07,15,-0.65,,,,,,
,,1,,,1.09,15,-0.65,,,,,,
,,1,,,1.11,15,-0.65,462,181,181,270,270,
,,1,,,1.13,15,-0.65,131,69,69,97,97,
,,1,,,1.15,15,-0.65,134,57,57,65,65,
,,1,,,1.17,15,-0.65,196,52,52,3,3,
,,1,,,1.19,15,-0.65,,,,,,
,,1,,,1.21,15,-0.65,,,,,,
,,1,,,1.23,15,-0.65,,,,,,
,,1,,,1.25,15,-0.65,,,,,,
,,1,,,1.27,15,-0.65,,,,,,
,,1,,,1.29,15,-0.65,,,,,,
,,1,,,1.31,15,-0.65,,,,,,
,,1,,,1.33,15,-0.65,,,,,,
,,1,,,1.35,15,-0.65,,,,,,
,,1,,,1.37,15,-0.65,,,,,,
,,1,,,1.39,15,-0.65,,,,,,
,,1,,,1.41,15,-0.65,,,,,,
,,1,,,1.43,15,-0.65,,,,,,
,,1,,,0.99,45,-0.65,1400,552,552,135,135,
,,1,,,1.01,45,-0.65,237,109,109,55,55,
,,1,,,1.03,45,-0.65,277,94,94,63,63,
,,1,,,1.05,45,-0.65,65,36,36,19,19,
,,1,,,1.07,45,-0.65,266,59,59,12,12,
,,1,,,1.09,45,-0.65,189,44,44,18,18,
,,1,,,1.11,45,-0.65,195,41,41,9,9,
,,1,,,1.13,45,-0.65,92,26,26,9,9,
,,1,,,1.15,45,-0.65,132,27,27,13,13,
,,1,,,1.17,45,-0.65,107,22,22,24,24,
,,1,,,1.19,45,-0.65,154,25,25,22,22,
,,1,,,1.21,45,-0.65,104,19,19,16,16,
,,1,,,1.23,45,-0.65,108,19,19,12,12,
,,1,,,1.25,45,-0.65,107,20,20,11,11,
,,1,,,1.27,45,-0.65,51,17,17,6,6,
,,1,,,1.29,45,-0.65,77,19,19,23,23,
,,1,,,1.31,45,-0.65,60,16,16,16,16,
,,1,,,1.33,45,-0.65,62,16,16,4,4,
,,1,,,1.35,45,-0.65,59,18,18,11,11,
,,1,,,1.37,45,-0.65,,,,,,
,,1,,,1.39,45,-0.65,,,,,,
,,1,,,1.41,45,-0.65,,,,,,
,,1,,,1.43,45,-0.65,554,216,216,88,88,
,,1,,,0.99,75,-0.65,380,87,87,71,71,
,,1,,,1.01,75,-0.65,270,50,50,18,18,
,,1,,,1.03,75,-0.65,234,41,41,12,12,
,,1,,,1.05,75,-0.65,183,29,29,8,8,
,,1,,,1.07,75,-0.65,153,24,24,9,9,
,,1,,,1.09,75,-0.65,139,21,21,5,5,
,,1,,,1.11,75,-0.65,113,17,17,5,5,
,,1,,,1.13,75,-0.65,102,15,15,5,5,
,,1,,,1.15,75,-0.65,95,15,15,10,10,
,,1,,,1.17,75,-0.65,168,20,20,5,5,
,,1,,,1.19,75,-0.65,153,18,18,14,14,
,,1,,,1.21,75,-0.65,132,17,17,10,10,
,,1,,,1.23,75,-0.65,76,13,13,12,12,
,,1,,,1.25,75,-0.65,103,15,15,15,15,
,,1,,,1.27,75,-0.65,79,15,15,15,15,
,,1,,,1.29,75,-0.65,69,13,13,14,14,
,,1,,,1.31,75,-0.65,42,10,10,15,15,
,,1,,,1.33,75,-0.65,65,11,11,3,3,
,,1,,,1.35,75,-0.65,29,7,7,16,16,
,,1,,,1.37,75,-0.65,43,8,8,25,25,
,,1,,,1.39,75,-0.65,45,10,10,23,23,
,,1,,,1.41,75,-0.65,36,11,11,18,18,
,,1,,,1.43,75,-0.65,452,90,90,38,38,
,,1,,,0.99,105,-0.65,286,46,46,17,17,
,,1,,,1.01,105,-0.65,195,28,28,16,16,
,,1,,,1.03,105,-0.65,211,27,27,16,16,
,,1,,,1.05,105,-0.65,161,21,21,10,10,
,,1,,,1.07,105,-0.65,169,20,20,9,9,
,,1,,,1.09,105,-0.65,108,15,15,7,7,
,,1,,,1.11,105,-0.65,123,18,18,7,7,
,,1,,,1.13,105,-0.65,125,20,20,11,11,
,,1,,,1.15,105,-0.65,135,21,21,15,15,
,,1,,,1.17,105,-0.65,152,22,22,27,27,
,,1,,,1.19,105,-0.65,125,21,21,17,17,
,,1,,,1.21,105,-0.65,87,21,21,10,10,
,,1,,,1.23,105,-0.65,50,15,15,59,59,
,,1,,,1.25,105,-0.65,85,16,16,73,73,
,,1,,,1.27,105,-0.65,43,10,10,12,12,
,,1,,,1.29,105,-0.65,68,14,14,32,32,
,,1,,,1.31,105,-0.65,54,15,15,42,42,
,,1,,,1.33,105,-0.65,,,,,,
,,1,,,1.35,105,-0.65,,,,,,
,,1,,,1.37,105,-0.65,,,,,,
,,1,,,1.39,105,-0.65,,,,,,
,,1,,,1.41,105,-0.65,,,,,,
,,1,,,1.43,105,-0.65,454,64,64,23,23,
,,1,,,0.99,135,-0.65,213,30,30,16,16,
,,1,,,1.01,135,-0.65,234,27,27,12,12,
,,1,,,1.03,135,-0.65,167,22,22,14,14,
,,1,,,1.05,135,-0.65,140,18,18,11,11,
,,1,,,1.07,135,-0.65,139,19,19,10,10,
,,1,,,1.09,135,-0.65,152,26,26,41,41,
,,1,,,1.11,135,-0.65,,,,,,
,,1,,,1.13,135,-0.65,128,27,27,169,169,
,,1,,,1.15,135,-0.65,,,,,,
,,1,,,1.17,135,-0.65,,,,,,
,,1,,,1.19,135,-0.65,,,,,,
,,1,,,1.21,135,-0.65,,,,,,
,,1,,,1.23,135,-0.65,,,,,,
,,1,,,1.25,135,-0.65,,,,,,
,,1,,,1.27,135,-0.65,,,,,,
,,1,,,1.29,135,-0.65,,,,,,
,,1,,,1.31,135,-0.65,,,,,,
,,1,,,1.33,135,-0.65,,,,,,
,,1,,,1.35,135,-0.65,,,,,,
,,1,,,1.37,135,-0.65,,,,,,
,,1,,,1.39,135,-0.65,,,,,,
,,1,,,1.41,135,-0.65,,,,,,
,,1,,,1.43,135,-0.65,340,49,49,26,26,
,,1,,,0.99,165,-0.65,274,31,31,17,17,
,,1,,,1.01,165,-0.65,205,25,25,11,11,
,,1,,,1.03,165,-0.65,173,22,22,9,9,
,,1,,,1.05,165,-0.65,142,19,19,20,20,
,,1,,,1.07,165,-0.65,97,21,21,101,101,
,,1,,,1.09,165,-0.65,,,,,,
,,1,,,1.11,165,-0.65,,,,,,
,,1,,,1.13,165,-0.65,,,,,,
,,1,,,1.15,165,-0.65,,,,,,
,,1,,,1.17,165,-0.65,,,,,,
,,1,,,1.19,165,-0.65,,,,,,
,,1,,,1.21,165,-0.65,,,,,,
,,1,,,1.23,165,-0.65,,,,,,
,,1,,,1.25,165,-0.65,,,,,,
,,1,,,1.27,165,-0.65,,,,,,
,,1,,,1.29,165,-0.65,,,,,,
,,1,,,1.31,165,-0.65,,,,,,
,,1,,,1.33,165,-0.65,,,,,,
,,1,,,1.35,165,-0.65,,,,,,
,,1,,,1.37,165,-0.65,,,,,,
,,1,,,1.39,165,-0.65,,,,,,
,,1,,,1.41,165,-0.65,,,,,,
,,1,,,1.43,165,-0.65,,,,,,
,,0.7,,,1.45,15,-0.975,,,,,,
,,0.875,,,1.45,15,-0.975,58,47,47,7,7,
,,0.925,,,1.45,15,-0.975,,,,,,
,,0.975,,,1.45,15,-0.975,34,17,17,4,4,
,,1.025,,,1.45,15,-0.975,,,,,,
,,1.075,,,1.45,15,-0.975,,,,,,
,,1.125,,,1.45,15,-0.975,,,,,,
,,2.15,,,1.45,15,-0.975,,,,,,
,,0.633,,,1.47,15,-0.975,,,,,,
,,0.7,,,1.47,15,-0.975,,,,,,
,,0.767,,,1.47,15,-0.975,,,,,,
,,0.875,,,1.47,15,-0.975,31,24,24,4,4,
,,0.925,,,1.47,15,-0.975,73,21,21,9,9,
,,0.975,,,1.47,15,-0.975,40,19,19,5,5,
,,1.025,,,1.47,15,-0.975,,,,,,
,,1.075,,,1.47,15,-0.975,154,111,111,18,18,
,,1.125,,,1.47,15,-0.975,,,,,,
,,2.05,,,1.47,15,-0.975,,,,,,
,,2.15,,,1.47,15,-0.975,,,,,,
,,0.567,,,1.49,15,-0.975,,,,,,
,,0.633,,,1.49,15,-0.975,,,,,,
,,0.7,,,1.49,15,-0.975,,,,,,
,,0.767,,,1.49,15,-0.975,,,,,,
,,0.875,,,1.49,15,-0.975,39,15,15,5,5,
,,0.925,,,1.49,15,-0.975,89,23,23,11,11,
,,0.975,,,1.49,15,-0.975,66,37,37,8,8,
,,1.025,,,1.49,15,-0.975,95,51,51,11,11,
,,1.075,,,1.49,15,-0.975,,,,,,
,,1.125,,,1.49,15,-0.975,,,,,,
,,1.95,,,1.49,15,-0.975,,,,,,
,,2.05,,,1.49,15,-0.975,,,,,,
,,2.15,,,1.49,15,-0.975,,,,,,
,,0.567,,,1.51,15,-0.975,,,,,,
,,0.633,,,1.51,15,-0.975,,,,,,
,,0.7,,,1.51,15,-0.975,,,,,,
,,0.767,,,1.51,15,-0.975,,,,,,
,,0.875,,,1.51,15,-0.975,55,15,15,7,7,
,,0.925,,,1.51,15,-0.975,33,19,19,4,4,
,,0.975,,,1.51,15,-0.975,54,25,25,6,6,
,,1.025,,,1.51,15,-0.975,,,,,,
,,1.075,,,1.51,15,-0.975,128,66,66,15,15,
,,1.125,,,1.51,15,-0.975,,,,,,
,,1.95,,,1.51,15,-0.975,,,,,,
,,2.05,,,1.51,15,-0.975,,,,,,
,,2.15,,,1.51,15,-0.975,9.1,6.6,6.6,1.1,1.1,
,,0.7,,,1.45,45,-0.975,,,,,,
,,0.875,,,1.45,45,-0.975,49,24,24,6,6,
,,0.925,,,1.45,45,-0.975,17,12,12,2,2,
,,0.975,,,1.45,45,-0.975,16.2,9.8,9.8,1.9,1.9,
,,1.025,,,1.45,45,-0.975,33,16,16,4,4,
,,1.075,,,1.45,45,-0.975,,,,,,
,,1.125,,,1.45,45,-0.975,,,,,,
,,2.15,,,1.45,45,-0.975,,,,,,
,,0.633,,,1.47,45,-0.975,,,,,,
,,0.7,,,1.47,45,-0.975,,,,,,
,,0.767,,,1.47,45,-0.975,,,,,,
,,0.875,,,1.47,45,-0.975,60,18,18,7,7,
,,0.925,,,1.47,45,-0.975,46,14,14,6,6,
,,0.975,,,1.47,45,-0.975,19,10,10,2,2,
,,1.025,,,1.47,45,-0.975,,,,,,
,,1.075,,,1.47,45,-0.975,,,,,,
,,1.125,,,1.47,45,-0.975,,,,,,
,,2.05,,,1.47,45,-0.975,,,,,,
,,2.15,,,1.47,45,-0.975,,,,,,
,,0.567,,,1.49,45,-0.975,,,,,,
,,0.633,,,1.49,45,-0.975,,,,,,
,,0.7,,,1.49,45,-0.975,,,,,,
,,0.767,,,1.49,45,-0.975,,,,,,
,,0.875,,,1.49,45,-0.975,83,18,18,10,10,
,,0.925,,,1.49,45,-0.975,56,17,17,7,7,
,,0.975,,,1.49,45,-0.975,77,36,36,9,9,
,,1.025,,,1.49,45,-0.975,26,21,21,3,3,
,,1.075,,,1.49,45,-0.975,42,24,24,5,5,
,,1.125,,,1.49,45,-0.975,,,,,,
,,1.95,,,1.49,45,-0.975,,,,,,
,,2.05,,,1.49,45,-0.975,8.2,5.9,5.9,1,1,
,,2.15,,,1.49,45,-0.975,9.1,6.5,6.5,1.1,1.1,
,,0.567,,,1.51,45,-0.975,488,318,318,59,59,
,,0.633,,,1.51,45,-0.975,483,379,379,58,58,
,,0.7,,,1.51,45,-0.975,,,,,,
,,0.767,,,1.51,45,-0.975,,,,,,
,,0.875,,,1.51,45,-0.975,26,11,11,3,3,
,,0.925,,,1.51,45,-0.975,56,19,19,7,7,
,,0.975,,,1.51,45,-0.975,59,20,20,7,7,
,,1.025,,,1.51,45,-0.975,25,13,13,3,3,
,,1.075,,,1.51,45,-0.975,54,22,22,6,6,
,,1.125,,,1.51,45,-0.975,,,,,,
,,1.95,,,1.51,45,-0.975,,,,,,
,,2.05,,,1.51,45,-0.975,,,,,,
,,2.15,,,1.51,45,-0.975,,,,,,
,,0.7,,,1.45,75,-0.975,,,,,,
,,0.875,,,1.45,75,-0.975,43,17,17,5,5,
,,0.925,,,1.45,75,-0.975,26,12,12,3,3,
,,0.975,,,1.45,75,-0.975,30,11,11,4,4,
,,1.025,,,1.45,75,-0.975,49,17,17,6,6,
,,1.075,,,1.45,75,-0.975,,,,,,
,,1.125,,,1.45,75,-0.975,,,,,,
,,2.15,,,1.45,75,-0.975,9.5,5.6,5.6,1.1,1.1,
,,0.633,,,1.47,75,-0.975,,,,,,
,,0.7,,,1.47,75,-0.975,,,,,,
,,0.767,,,1.47,75,-0.975,,,,,,
,,0.875,,,1.47,75,-0.975,49,17,17,6,6,
,,0.925,,,1.47,75,-0.975,48,18,18,6,6,
,,0.975,,,1.47,75,-0.975,44,22,22,5,5,
,,1.025,,,1.47,75,-0.975,40,17,17,5,5,
,,1.075,,,1.47,75,-0.975,63,21,21,8,8,
,,1.125,,,1.47,75,-0.975,22,13,13,3,3,
,,2.05,,,1.47,75,-0.975,,,,,,
,,2.15,,,1.47,75,-0.975,2,1.5,1.5,0,0,
,,0.567,,,1.49,75,-0.975,,,,,,
,,0.633,,,1.49,75,-0.975,,,,,,
,,0.7,,,1.49,75,-0.975,,,,,,
,,0.767,,,1.49,75,-0.975,,,,,,
,,0.875,,,1.49,75,-0.975,51,26,26,6,6,
,,0.925,,,1.49,75,-0.975,76,23,23,9,9,
,,0.975,,,1.49,75,-0.975,44,14,14,5,5,
,,1.025,,,1.49,75,-0.975,68,15,15,8,8,
,,1.075,,,1.49,75,-0.975,46,12,12,6,6,
,,1.125,,,1.49,75,-0.975,24,11,11,3,3,
,,1.95,,,1.49,75,-0.975,24,14,14,3,3,
,,2.05,,,1.49,75,-0.975,2.2,1.4,1.4,0.3,0.3,
,,2.15,,,1.49,75,-0.975,2.8,1.4,1.4,0.3,0.3,
,,0.567,,,1.51,75,-0.975,370,137,137,44,44,
,,0.633,,,1.51,75,-0.975,129,82,82,15,15,
,,0.7,,,1.51,75,-0.975,159,145,145,19,19,
,,0.767,,,1.51,75,-0.975,,,,,,
,,0.875,,,1.51,75,-0.975,42,24,24,5,5,
,,0.925,,,1.51,75,-0.975,35,12,12,4,4,
,,0.975,,,1.51,75,-0.975,76,14,14,9,9,
,,1.025,,,1.51,75,-0.975,36.9,9.8,9.8,4.4,4.4,
,,1.075,,,1.51,75,-0.975,30,10,10,4,4,
,,1.125,,,1.51,75,-0.975,62,36,36,7,7,
,,1.95,,,1.51,75,-0.975,,,,,,
,,2.05,,,1.51,75,-0.975,5.3,1.7,1.7,0.6,0.6,
,,2.15,,,1.51,75,-0.975,,,,,,
,,0.7,,,1.45,105,-0.975,,,,,,
,,0.875,,,1.45,105,-0.975,124,46,46,15,15,
,,0.925,,,1.45,105,-0.975,98,43,43,12,12,
,,0.975,,,1.45,105,-0.975,137,102,102,16,16,
,,1.025,,,1.45,105,-0.975,12.6,9.3,9.3,1.5,1.5,
,,1.075,,,1.45,105,-0.975,28.4,9.7,9.7,3.4,3.4,
,,1.125,,,1.45,105,-0.975,19.8,8.4,8.4,2.4,2.4,
,,2.15,,,1.45,105,-0.975,2.3,1.2,1.2,0.3,0.3,
,,0.633,,,1.47,105,-0.975,1040,909,909,125,125,
,,0.7,,,1.47,105,-0.975,84,79,79,10,10,
,,0.767,,,1.47,105,-0.975,,,,,,
,,0.875,,,1.47,105,-0.975,,,,,,
,,0.925,,,1.47,105,-0.975,,,,,,
,,0.975,,,1.47,105,-0.975,61,17,17,7,7,
,,1.025,,,1.47,105,-0.975,28.6,9.4,9.4,3.4,3.4,
,,1.075,,,1.47,105,-0.975,27.5,8.7,8.7,3.3,3.3,
,,1.125,,,1.47,105,-0.975,14.1,7,7,1.7,1.7,
,,2.05,,,1.47,105,-0.975,3.5,1.6,1.6,0.4,0.4,
,,2.15,,,1.47,105,-0.975,2.2,1.1,1.1,0.3,0.3,
,,0.567,,,1.49,105,-0.975,,,,,,
,,0.633,,,1.49,105,-0.975,335,75,75,40,40,
,,0.7,,,1.49,105,-0.975,140,46,46,17,17,
,,0.767,,,1.49,105,-0.975,124,92,92,15,15,
,,0.875,,,1.49,105,-0.975,,,,,,
,,0.925,,,1.49,105,-0.975,44,17,17,5,5,
,,0.975,,,1.49,105,-0.975,40,11,11,5,5,
,,1.025,,,1.49,105,-0.975,41,10,10,5,5,
,,1.075,,,1.49,105,-0.975,40,10,10,5,5,
,,1.125,,,1.49,105,-0.975,8,8.1,8.1,1,1,
,,1.95,,,1.49,105,-0.975,6.2,4.4,4.4,0.7,0.7,
,,2.05,,,1.49,105,-0.975,2.2,1.1,1.1,0.3,0.3,
,,2.15,,,1.49,105,-0.975,2.5,1.8,1.8,0.3,0.3,
,,0.567,,,1.51,105,-0.975,151,77,77,18,18,
,,0.633,,,1.51,105,-0.975,207,39,39,25,25,
,,0.7,,,1.51,105,-0.975,88,29,29,11,11,
,,0.767,,,1.51,105,-0.975,98,80,80,12,12,
,,0.875,,,1.51,105,-0.975,99,31,31,12,12,
,,0.925,,,1.51,105,-0.975,49,14,14,6,6,
,,0.975,,,1.51,105,-0.975,64,16,16,8,8,
,,1.025,,,1.51,105,-0.975,34,13,13,4,4,
,,1.075,,,1.51,105,-0.975,55,13,13,7,7,
,,1.125,,,1.51,105,-0.975,13.4,7.6,7.6,1.6,1.6,
,,1.95,,,1.51,105,-0.975,4.2,1.8,1.8,0.5,0.5,
,,2.05,,,1.51,105,-0.975,4.1,1.4,1.4,0.5,0.5,
,,2.15,,,1.51,105,-0.975,5.2,3.1,3.1,0.6,0.6,
,,0.7,,,1.45,135,-0.975,,,,,,
,,0.875,,,1.45,135,-0.975,,,,,,
,,0.925,,,1.45,135,-0.975,,,,,,
,,0.975,,,1.45,135,-0.975,,,,,,
,,1.025,,,1.45,135,-0.975,35,12,12,4,4,
,,1.075,,,1.45,135,-0.975,31.1,9.3,9.3,3.7,3.7,
,,1.125,,,1.45,135,-0.975,15.1,7.7,7.7,1.8,1.8,
,,2.15,,,1.45,135,-0.975,2.9,1.2,1.2,0.3,0.3,
,,0.633,,,1.47,135,-0.975,119,117,117,14,14,
,,0.7,,,1.47,135,-0.975,145,38,38,17,17,
,,0.767,,,1.47,135,-0.975,,,,,,
,,0.875,,,1.47,135,-0.975,,,,,,
,,0.925,,,1.47,135,-0.975,,,,,,
,,0.975,,,1.47,135,-0.975,48,17,17,6,6,
,,1.025,,,1.47,135,-0.975,37,11,11,4,4,
,,1.075,,,1.47,135,-0.975,22,10,10,3,3,
,,1.125,,,1.47,135,-0.975,46,16,16,6,6,
,,2.05,,,1.47,135,-0.975,1.7,1.1,1.1,0.2,0.2,
,,2.15,,,1.47,135,-0.975,2.2,1.6,1.6,0.3,0.3,
,,0.567,,,1.49,135,-0.975,3280,2850,2850,394,394,
,,0.633,,,1.49,135,-0.975,124,46,46,15,15,
,,0.7,,,1.49,135,-0.975,82,31,31,10,10,
,,0.767,,,1.49,135,-0.975,144,75,75,17,17,
,,0.875,,,1.49,135,-0.975,,,,,,
,,0.925,,,1.49,135,-0.975,63,28,28,8,8,
,,0.975,,,1.49,135,-0.975,25,14,14,3,3,
,,1.025,,,1.49,135,-0.975,63,21,21,8,8,
,,1.075,,,1.49,135,-0.975,21,19,19,3,3,
,,1.125,,,1.49,135,-0.975,42,11,11,5,5,
,,1.95,,,1.49,135,-0.975,,,,,,
,,2.05,,,1.49,135,-0.975,5.1,1.6,1.6,0.6,0.6,
,,2.15,,,1.49,135,-0.975,,,,,,
,,0.567,,,1.51,135,-0.975,332,126,126,40,40,
,,0.633,,,1.51,135,-0.975,204,53,53,24,24,
,,0.7,,,1.51,135,-0.975,150,46,46,18,18,
,,0.767,,,1.51,135,-0.975,227,157,157,27,27,
,,0.875,,,1.51,135,-0.975,,,,,,
,,0.925,,,1.51,135,-0.975,55,33,33,7,7,
,,0.975,,,1.51,135,-0.975,50,35,35,6,6,
,,1.025,,,1.51,135,-0.975,,,,,,
,,1.075,,,1.51,135,-0.975,27.3,8.5,8.5,3.3,3.3,
,,1.125,,,1.51,135,-0.975,42.6,8.6,8.6,5.1,5.1,
,,1.95,,,1.51,135,-0.975,8.4,2.6,2.6,1,1,
,,2.05,,,1.51,135,-0.975,2,1.2,1.2,0,0,
,,2.15,,,1.51,135,-0.975,,,,,,
,,0.7,,,1.45,165,-0.975,153,61,61,18,18,
,,0.875,,,1.45,165,-0.975,,,,,,
,,0.925,,,1.45,165,-0.975,,,,,,
,,0.975,,,1.45,165,-0.975,,,,,,
,,1.025,,,1.45,165,-0.975,62,19,19,7,7,
,,1.075,,,1.45,165,-0.975,18,10,10,2,2,
,,1.125,,,1.45,165,-0.975,24,13,13,3,3,
,,2.15,,,1.45,165,-0.975,2,1.4,1.4,0,0,
,,0.633,,,1.47,165,-0.975,,,,,,
,,0.7,,,1.47,165,-0.975,72,36,36,9,9,
,,0.767,,,1.47,165,-0.975,156,95,95,19,19,
,,0.875,,,1.47,165,-0.975,,,,,,
,,0.925,,,1.47,165,-0.975,,,,,,
,,0.975,,,1.47,165,-0.975,29,19,19,3,3,
,,1.025,,,1.47,165,-0.975,46,19,19,6,6,
,,1.075,,,1.47,165,-0.975,34,18,18,4,4,
,,1.125,,,1.47,165,-0.975,25,19,19,3,3,
,,2.05,,,1.47,165,-0.975,4.1,2.4,2.4,0.5,0.5,
,,2.15,,,1.47,165,-0.975,2.4,1.5,1.5,0.3,0.3,
,,0.567,,,1.49,165,-0.975,2500,2110,2110,300,300,
,,0.633,,,1.49,165,-0.975,169,61,61,20,20,
,,0.7,,,1.49,165,-0.975,98,45,45,12,12,
,,0.767,,,1.49,165,-0.975,108,112,112,13,13,
,,0.875,,,1.49,165,-0.975,,,,,,
,,0.925,,,1.49,165,-0.975,86,43,43,10,10,
,,0.975,,,1.49,165,-0.975,29,23,23,3,3,
,,1.025,,,1.49,165,-0.975,30,24,24,4,4,
,,1.075,,,1.49,165,-0.975,57,27,27,7,7,
,,1.125,,,1.49,165,-0.975,51,10,10,6,6,
,,1.95,,,1.49,165,-0.975,5.8,3.5,3.5,0.7,0.7,
,,2.05,,,1.49,165,-0.975,3.1,1.5,1.5,0.4,0.4,
,,2.15,,,1.49,165,-0.975,,,,,,
,,0.567,,,1.51,165,-0.975,465,267,267,56,56,
,,0.633,,,1.51,165,-0.975,171,74,74,21,21,
,,0.7,,,1.51,165,-0.975,112,65,65,13,13,
,,0.767,,,1.51,165,-0.975,808,674,674,97,97,
,,0.875,,,1.51,165,-0.975,,,,,,
,,0.925,,,1.51,165,-0.975,277,104,104,33,33,
,,0.975,,,1.51,165,-0.975,106,73,73,13,13,
,,1.025,,,1.51,165,-0.975,,,,,,
,,1.075,,,1.51,165,-0.975,68,13,13,8,8,
,,1.125,,,1.51,165,-0.975,52,10,10,6,6,
,,1.95,,,1.51,165,-0.975,2.5,1.6,1.6,0.3,0.3,
,,2.05,,,1.51,165,-0.975,3.3,2.2,2.2,0.4,0.4,
,,2.15,,,1.51,165,-0.975,,,,,,
,,0.5,,,1.53,15,-0.975,405,383,383,49,49,
,,0.567,,,1.53,15,-0.975,50,95,95,6,6,
,,0.633,,,1.53,15,-0.975,,,,,,
,,0.7,,,1.53,15,-0.975,,,,,,
,,0.875,,,1.53,15,-0.975,70,17,17,8,8,
,,0.925,,,1.53,15,-0.975,56,20,20,7,7,
,,0.975,,,1.53,15,-0.975,33,14,14,4,4,
,,1.025,,,1.53,15,-0.975,26,14,14,3,3,
,,1.075,,,1.53,15,-0.975,,,,,,
,,1.125,,,1.53,15,-0.975,,,,,,
,,1.85,,,1.53,15,-0.975,,,,,,
,,1.95,,,1.53,15,-0.975,,,,,,
,,2.05,,,1.53,15,-0.975,,,,,,
,,2.15,,,1.53,15,-0.975,7.2,5.1,5.1,0.9,0.9,
,,0.5,,,1.55,15,-0.975,315,181,181,38,38,
,,0.567,,,1.55,15,-0.975,221,75,75,27,27,
,,0.633,,,1.55,15,-0.975,137,129,129,16,16,
,,0.7,,,1.55,15,-0.975,,,,,,
,,0.875,,,1.55,15,-0.975,48,16,16,6,6,
,,0.925,,,1.55,15,-0.975,54,15,15,6,6,
,,0.975,,,1.55,15,-0.975,39,14,14,5,5,
,,1.025,,,1.55,15,-0.975,147,71,71,18,18,
,,1.075,,,1.55,15,-0.975,,,,,,
,,1.125,,,1.55,15,-0.975,,,,,,
,,1.85,,,1.55,15,-0.975,,,,,,
,,1.95,,,1.55,15,-0.975,,,,,,
,,2.05,,,1.55,15,-0.975,,,,,,
,,0.5,,,1.57,15,-0.975,257,78,78,31,31,
,,0.567,,,1.57,15,-0.975,97,79,79,12,12,
,,0.633,,,1.57,15,-0.975,146,142,142,18,18,
,,0.875,,,1.57,15,-0.975,30,10,10,4,4,
,,0.925,,,1.57,15,-0.975,25.3,9.9,9.9,3,3,
,,0.975,,,1.57,15,-0.975,46,28,28,6,6,
,,1.025,,,1.57,15,-0.975,65,46,46,8,8,
,,1.075,,,1.57,15,-0.975,,,,,,
,,1.125,,,1.57,15,-0.975,,,,,,
,,1.85,,,1.57,15,-0.975,,,,,,
,,1.95,,,1.57,15,-0.975,2.4,1.3,1.3,0,0,
,,2.05,,,1.57,15,-0.975,,,,,,
,,0.433,,,1.59,15,-0.975,,,,,,
,,0.5,,,1.59,15,-0.975,118,58,58,14,14,
,,0.567,,,1.59,15,-0.975,117,63,63,14,14,
,,0.633,,,1.59,15,-0.975,,,,,,
,,0.875,,,1.59,15,-0.975,26.6,8.2,8.2,3.2,3.2,
,,0.925,,,1.59,15,-0.975,74,23,23,9,9,
,,0.975,,,1.59,15,-0.975,33,22,22,4,4,
,,1.025,,,1.59,15,-0.975,21,18,18,3,3,
,,1.075,,,1.59,15,-0.975,23,14,14,3,3,
,,1.125,,,1.59,15,-0.975,,,,,,
,,1.85,,,1.59,15,-0.975,,,,,,
,,1.95,,,1.59,15,-0.975,,,,,,
,,0.5,,,1.53,45,-0.975,449,312,312,54,54,
,,0.567,,,1.53,45,-0.975,145,91,91,17,17,
,,0.633,,,1.53,45,-0.975,192,135,135,23,23,
,,0.7,,,1.53,45,-0.975,361,304,304,43,43,
,,0.875,,,1.53,45,-0.975,63,17,17,8,8,
,,0.925,,,1.53,45,-0.975,10.1,9.1,9.1,1.2,1.2,
,,0.975,,,1.53,45,-0.975,81,17,17,10,10,
,,1.025,,,1.53,45,-0.975,31,12,12,4,4,
,,1.075,,,1.53,45,-0.975,81,58,58,10,10,
,,1.125,,,1.53,45,-0.975,,,,,,
,,1.85,,,1.53,45,-0.975,,,,,,
,,1.95,,,1.53,45,-0.975,4.3,2.7,2.7,0.5,0.5,
,,2.05,,,1.53,45,-0.975,,,,,,
,,2.15,,,1.53,45,-0.975,3.8,2.3,2.3,0.5,0.5,
,,0.5,,,1.55,45,-0.975,290,144,144,35,35,
,,0.567,,,1.55,45,-0.975,268,69,69,32,32,
,,0.633,,,1.55,45,-0.975,171,69,69,21,21,
,,0.7,,,1.55,45,-0.975,,,,,,
,,0.875,,,1.55,45,-0.975,50,13,13,6,6,
,,0.925,,,1.55,45,-0.975,36,10,10,4,4,
,,0.975,,,1.55,45,-0.975,30,10,10,4,4,
,,1.025,,,1.55,45,-0.975,48,23,23,6,6,
,,1.075,,,1.55,45,-0.975,63,44,44,8,8,
,,1.125,,,1.55,45,-0.975,,,,,,
,,1.85,,,1.55,45,-0.975,,,,,,
,,1.95,,,1.55,45,-0.975,2.3,1.4,1.4,0.3,0.3,
,,2.05,,,1.55,45,-0.975,2,1.1,1.1,0.2,0.2,
,,0.5,,,1.57,45,-0.975,146,57,57,18,18,
,,0.567,,,1.57,45,-0.975,155,47,47,19,19,
,,0.633,,,1.57,45,-0.975,101,85,85,12,12,
,,0.875,,,1.57,45,-0.975,30.6,9.4,9.4,3.7,3.7,
,,0.925,,,1.57,45,-0.975,40,10,10,5,5,
,,0.975,,,1.57,45,-0.975,36,19,19,4,4,
,,1.025,,,1.57,45,-0.975,,,,,,
,,1.075,,,1.57,45,-0.975,34,17,17,4,4,
,,1.125,,,1.57,45,-0.975,,,,,,
,,1.85,,,1.57,45,-0.975,3.1,2.3,2.3,0.4,0.4,
,,1.95,,,1.57,45,-0.975,3,1.2,1.2,0.4,0.4,
,,2.05,,,1.57,45,-0.975,,,,,,
,,0.433,,,1.59,45,-0.975,121,177,177,15,15,
,,0.5,,,1.59,45,-0.975,141,48,48,17,17,
,,0.567,,,1.59,45,-0.975,64,38,38,8,8,
,,0.633,,,1.59,45,-0.975,6070,6330,6330,728,728,
,,0.875,,,1.59,45,-0.975,37.4,9,9,4,4,
,,0.925,,,1.59,45,-0.975,46,13,13,6,6,
,,0.975,,,1.59,45,-0.975,30,12,12,4,4,
,,1.025,,,1.59,45,-0.975,32,11,11,4,4,
,,1.075,,,1.59,45,-0.975,34,14,14,4,4,
,,1.125,,,1.59,45,-0.975,,,,,,
,,1.85,,,1.59,45,-0.975,2,1.3,1.3,0.2,0.2,
,,1.95,,,1.59,45,-0.975,2.5,1.5,1.5,0.3,0.3,
,,0.5,,,1.53,75,-0.975,346,199,199,42,42,
,,0.567,,,1.53,75,-0.975,68,43,43,8,8,
,,0.633,,,1.53,75,-0.975,165,45,45,20,20,
,,0.7,,,1.53,75,-0.975,62,56,56,7,7,
,,0.875,,,1.53,75,-0.975,55,16,16,7,7,
,,0.925,,,1.53,75,-0.975,38,11,11,5,5,
,,0.975,,,1.53,75,-0.975,30.9,9.3,9.3,3.7,3.7,
,,1.025,,,1.53,75,-0.975,49,12,12,6,6,
,,1.075,,,1.53,75,-0.975,47,24,24,6,6,
,,1.125,,,1.53,75,-0.975,,,,,,
,,1.85,,,1.53,75,-0.975,,,,,,
,,1.95,,,1.53,75,-0.975,2.9,1.4,1.4,0.3,0.3,
,,2.05,,,1.53,75,-0.975,3.3,1.3,1.3,0.4,0.4,
,,2.15,,,1.53,75,-0.975,,,,,,
,,0.5,,,1.55,75,-0.975,235,69,69,28,28,
,,0.567,,,1.55,75,-0.975,170,39,39,20,20,
,,0.633,,,1.55,75,-0.975,75,30,30,9,9,
,,0.7,,,1.55,75,-0.975,123,116,116,15,15,
,,0.875,,,1.55,75,-0.975,28,10,10,3,3,
,,0.925,,,1.55,75,-0.975,45,12,12,5,5,
,,0.975,,,1.55,75,-0.975,20.8,8.8,8.8,2.5,2.5,
,,1.025,,,1.55,75,-0.975,10.9,7.2,7.2,1.3,1.3,
,,1.075,,,1.55,75,-0.975,46,15,15,6,6,
,,1.125,,,1.55,75,-0.975,19,10,10,2,2,
,,1.85,,,1.55,75,-0.975,9.3,6.6,6.6,1.1,1.1,
,,1.95,,,1.55,75,-0.975,1.2,0.7,0.7,0.1,0.1,
,,2.05,,,1.55,75,-0.975,4.5,1.5,1.5,0.5,0.5,
,,0.5,,,1.57,75,-0.975,400,69,69,48,48,
,,0.567,,,1.57,75,-0.975,191,38,38,23,23,
,,0.633,,,1.57,75,-0.975,37,35,35,4,4,
,,0.875,,,1.57,75,-0.975,49,15,15,6,6,
,,0.925,,,1.57,75,-0.975,36,12,12,4,4,
,,0.975,,,1.57,75,-0.975,36,10,10,4,4,
,,1.025,,,1.57,75,-0.975,26.4,8.5,8.5,3.2,3.2,
,,1.075,,,1.57,75,-0.975,21.8,7.5,7.5,2.6,2.6,
,,1.125,,,1.57,75,-0.975,20.5,7.9,7.9,2.5,2.5,
,,1.85,,,1.57,75,-0.975,1.8,1.2,1.2,0.2,0.2,
,,1.95,,,1.57,75,-0.975,4.7,1.5,1.5,0.6,0.6,
,,2.05,,,1.57,75,-0.975,2.3,1.4,1.4,0.3,0.3,
,,0.433,,,1.59,75,-0.975,440,410,410,53,53,
,,0.5,,,1.59,75,-0.975,187,73,73,22,22,
,,0.567,,,1.59,75,-0.975,173,56,56,21,21,
,,0.633,,,1.59,75,-0.975,,,,,,
,,0.875,,,1.59,75,-0.975,45,16,16,5,5,
,,0.925,,,1.59,75,-0.975,26.1,9.3,9.3,3.1,3.1,
,,0.975,,,1.59,75,-0.975,27.9,7.8,7.8,3.3,3.3,
,,1.025,,,1.59,75,-0.975,29.1,7.5,7.5,3.5,3.5,
,,1.075,,,1.59,75,-0.975,30,7.7,7.7,3.6,3.6,
,,1.125,,,1.59,75,-0.975,56,22,22,7,7,
,,1.85,,,1.59,75,-0.975,1.7,1,1,0,0,
,,1.95,,,1.59,75,-0.975,2,1.5,1.5,0.2,0.2,
,,0.5,,,1.53,105,-0.975,907,472,472,109,109,
,,0.567,,,1.53,105,-0.975,146,45,45,18,18,
,,0.633,,,1.53,105,-0.975,117,33,33,14,14,
,,0.7,,,1.53,105,-0.975,87,33,33,10,10,
,,0.875,,,1.53,105,-0.975,64,25,25,8,8,
,,0.925,,,1.53,105,-0.975,31,18,18,4,4,
,,0.975,,,1.53,105,-0.975,67,27,27,8,8,
,,1.025,,,1.53,105,-0.975,42,12,12,5,5,
,,1.075,,,1.53,105,-0.975,40,9.2,9.2,4.8,4.8,
,,1.125,,,1.53,105,-0.975,15,6.2,6.2,1.8,1.8,
,,1.85,,,1.53,105,-0.975,11.2,7.2,7.2,1.3,1.3,
,,1.95,,,1.53,105,-0.975,4.5,1.6,1.6,0.5,0.5,
,,2.05,,,1.53,105,-0.975,1.5,0.9,0.9,0.2,0.2,
,,2.15,,,1.53,105,-0.975,4.6,3.3,3.3,0.6,0.6,
,,0.5,,,1.55,105,-0.975,236,126,126,28,28,
,,0.567,,,1.55,105,-0.975,261,63,63,31,31,
,,0.633,,,1.55,105,-0.975,100,43,43,12,12,
,,0.7,,,1.55,105,-0.975,77,104,104,9,9,
,,0.875,,,1.55,105,-0.975,99,75,75,12,12,
,,0.925,,,1.55,105,-0.975,,,,,,
,,0.975,,,1.55,105,-0.975,37,11,11,4,4,
,,1.025,,,1.55,105,-0.975,41.3,8.8,8.8,5,5,
,,1.075,,,1.55,105,-0.975,31.6,7.6,7.6,3.8,3.8,
,,1.125,,,1.55,105,-0.975,20.1,6.3,6.3,2.4,2.4,
,,1.85,,,1.55,105,-0.975,6.6,3.1,3.1,0.8,0.8,
,,1.95,,,1.55,105,-0.975,2,1,1,0,0,
,,2.05,,,1.55,105,-0.975,2.6,1.6,1.6,0.3,0.3,
,,0.5,,,1.57,105,-0.975,,,,,,
,,0.567,,,1.57,105,-0.975,,,,,,
,,0.633,,,1.57,105,-0.975,476,247,247,57,57,
,,0.875,,,1.57,105,-0.975,,,,,,
,,0.925,,,1.57,105,-0.975,50,14,14,6,6,
,,0.975,,,1.57,105,-0.975,39.1,8.8,8.8,4.7,4.7,
,,1.025,,,1.57,105,-0.975,25.5,7.1,7.1,3.1,3.1,
,,1.075,,,1.57,105,-0.975,39.9,8.8,8.8,4.8,4.8,
,,1.125,,,1.57,105,-0.975,18.8,7.2,7.2,2.3,2.3,
,,1.85,,,1.57,105,-0.975,5.4,3.3,3.3,0.6,0.6,
,,1.95,,,1.57,105,-0.975,3.4,1.8,1.8,0.4,0.4,
,,2.05,,,1.57,105,-0.975,,,,,,
,,0.433,,,1.59,105,-0.975,,,,,,
,,0.5,,,1.59,105,-0.975,,,,,,
,,0.567,,,1.59,105,-0.975,,,,,,
,,0.633,,,1.59,105,-0.975,,,,,,
,,0.875,,,1.59,105,-0.975,49,18,18,6,6,
,,0.925,,,1.59,105,-0.975,53,12,12,6,6,
,,0.975,,,1.59,105,-0.975,35.1,9.3,9.3,4.2,4.2,
,,1.025,,,1.59,105,-0.975,44,10,10,5,5,
,,1.075,,,1.59,105,-0.975,38,11,11,5,5,
,,1.125,,,1.59,105,-0.975,16,11,11,2,2,
,,1.85,,,1.59,105,-0.975,5.8,2.6,2.6,0.7,0.7,
,,1.95,,,1.59,105,-0.975,,,,,,
,,0.567,,,1.53,135,-0.975,,,,,,
,,0.633,,,1.53,135,-0.975,382,134,134,46,46,
,,0.7,,,1.53,135,-0.975,103,66,66,12,12,
,,0.875,,,1.53,135,-0.975,170,94,94,20,20,
,,0.925,,,1.53,135,-0.975,,,,,,
,,0.975,,,1.53,135,-0.975,,,,,,
,,1.025,,,1.53,135,-0.975,,,,,,
,,1.075,,,1.53,135,-0.975,52,12,12,6,6,
,,1.125,,,1.53,135,-0.975,17,6.2,6.2,2,2,
,,1.85,,,1.53,135,-0.975,17.4,6.3,6.3,2.1,2.1,
,,1.95,,,1.53,135,-0.975,,,,,,
,,2.05,,,1.53,135,-0.975,3,1.6,1.6,0.4,0.4,
,,2.15,,,1.53,135,-0.975,,,,,,
,,0.5,,,1.55,135,-0.975,,,,,,
,,0.567,,,1.55,135,-0.975,,,,,,
,,0.633,,,1.55,135,-0.975,621,511,511,75,75,
,,0.7,,,1.55,135,-0.975,588,401,401,71,71,
,,0.875,,,1.55,135,-0.975,,,,,,
,,0.925,,,1.55,135,-0.975,,,,,,
,,0.975,,,1.55,135,-0.975,,,,,,
,,1.025,,,1.55,135,-0.975,57,14,14,7,7,
,,1.075,,,1.55,135,-0.975,48,10,10,6,6,
,,1.125,,,1.55,135,-0.975,61,12,12,7,7,
,,1.85,,,1.55,135,-0.975,22.5,9.1,9.1,2.7,2.7,
,,1.95,,,1.55,135,-0.975,,,,,,
,,2.05,,,1.55,135,-0.975,6,4.3,4.3,0.7,0.7,
,,0.5,,,1.57,135,-0.975,,,,,,
,,0.567,,,1.57,135,-0.975,,,,,,
,,0.633,,,1.57,135,-0.975,,,,,,
,,0.875,,,1.57,135,-0.975,,,,,,
,,0.925,,,1.57,135,-0.975,,,,,,
,,0.975,,,1.57,135,-0.975,52,18,18,6,6,
,,1.025,,,1.57,135,-0.975,44,13,13,5,5,
,,1.075,,,1.57,135,-0.975,17,10,10,2,2,
,,1.125,,,1.57,135,-0.975,29,13,13,3,3,
,,1.85,,,1.57,135,-0.975,37,16,16,4,4,
,,1.95,,,1.57,135,-0.975,13.5,9.7,9.7,1.6,1.6,
,,2.05,,,1.57,135,-0.975,,,,,,
,,0.433,,,1.59,135,-0.975,,,,,,
,,0.5,,,1.59,135,-0.975,,,,,,
,,0.567,,,1.59,135,-0.975,,,,,,
,,0.633,,,1.59,135,-0.975,,,,,,
,,0.875,,,1.59,135,-0.975,,,,,,
,,0.925,,,1.59,135,-0.975,93,45,45,11,11,
,,0.975,,,1.59,135,-0.975,14,14,14,2,2,
,,1.025,,,1.59,135,-0.975,32,30,30,4,4,
,,1.075,,,1.59,135,-0.975,,,,,,
,,1.125,,,1.59,135,-0.975,60,24,24,7,7,
,,1.85,,,1.59,135,-0.975,18.8,6.3,6.3,2.3,2.3,
,,1.95,,,1.59,135,-0.975,,,,,,
,,0.567,,,1.53,165,-0.975,,,,,,
,,0.633,,,1.53,165,-0.975,258,173,173,31,31,
,,0.7,,,1.53,165,-0.975,461,165,165,55,55,
,,0.875,,,1.53,165,-0.975,260,164,164,31,31,
,,0.925,,,1.53,165,-0.975,,,,,,
,,0.975,,,1.53,165,-0.975,,,,,,
,,1.025,,,1.53,165,-0.975,95,70,70,11,11,
,,1.075,,,1.53,165,-0.975,46,14,14,6,6,
,,1.125,,,1.53,165,-0.975,22.4,8.8,8.8,2.7,2.7,
,,1.85,,,1.53,165,-0.975,36,11,11,4,4,
,,1.95,,,1.53,165,-0.975,,,,,,
,,2.05,,,1.53,165,-0.975,2.6,1.9,1.9,0.3,0.3,
,,2.15,,,1.53,165,-0.975,,,,,,
,,0.5,,,1.55,165,-0.975,,,,,,
,,0.567,,,1.55,165,-0.975,,,,,,
,,0.633,,,1.55,165,-0.975,2290,1550,1550,275,275,
,,0.7,,,1.55,165,-0.975,,,,,,
,,0.875,,,1.55,165,-0.975,,,,,,
,,0.925,,,1.55,165,-0.975,,,,,,
,,0.975,,,1.55,165,-0.975,,,,,,
,,1.025,,,1.55,165,-0.975,54,18,18,6,6,
,,1.075,,,1.55,165,-0.975,80,18,18,10,10,
,,1.125,,,1.55,165,-0.975,27,13,13,3,3,
,,1.85,,,1.55,165,-0.975,29,16,16,3,3,
,,1.95,,,1.55,165,-0.975,,,,,,
,,2.05,,,1.55,165,-0.975,,,,,,
,,0.5,,,1.57,165,-0.975,,,,,,
,,0.567,,,1.57,165,-0.975,,,,,,
,,0.633,,,1.57,165,-0.975,,,,,,
,,0.875,,,1.57,165,-0.975,,,,,,
,,0.925,,,1.57,165,-0.975,,,,,,
,,0.975,,,1.57,165,-0.975,37,26,26,4,4,
,,1.025,,,1.57,165,-0.975,45,21,21,5,5,
,,1.075,,,1.57,165,-0.975,27,18,18,3,3,
,,1.125,,,1.57,165,-0.975,22,21,21,3,3,
,,1.85,,,1.57,165,-0.975,21,14,14,3,3,
,,1.95,,,1.57,165,-0.975,,,,,,
,,2.05,,,1.57,165,-0.975,,,,,,
,,0.433,,,1.59,165,-0.975,,,,,,
,,0.5,,,1.59,165,-0.975,,,,,,
,,0.567,,,1.59,165,-0.975,,,,,,
,,0.633,,,1.59,165,-0.975,,,,,,
,,0.875,,,1.59,165,-0.975,,,,,,
,,0.925,,,1.59,165,-0.975,156,129,129,19,19,
,,0.975,,,1.59,165,-0.975,108,78,78,13,13,
,,1.025,,,1.59,165,-0.975,54,42,42,6,6,
,,1.075,,,1.59,165,-0.975,,,,,,
,,1.125,,,1.59,165,-0.975,29,14,14,3,3,
,,1.85,,,1.59,165,-0.975,12.2,5.5,5.5,1.5,1.5,
,,1.95,,,1.59,165,-0.975,,,,,,
